urlid,label
5865,0.90988
782,0.32736
6962,0.24286
7640,0.04583
3589,0.55152
6719,0.28579
3905,0.29227
9841,0.98089
7447,0.12988
4776,0.28308
2879,0.45157
2620,0.35708
10479,0.07627
1105,0.19587
1849,0.32571
8286,0.74851
8344,0.94074
10486,0.97968
8661,0.98704
7188,0.2449
1433,0.9924
677,0.86604
469,0.73991
6988,0.09252
8024,0.18516
6896,0.29812
9154,0.13483
342,0.48268
50,0.13109
983,0.1591
6933,0.29069
8271,0.0586
5602,0.23975
4505,0.16366
4966,0.92398
2390,0.2305
6736,0.65103
4660,0.98179
7560,0.97826
3840,0.48449
5823,0.91407
5789,0.96856
1595,0.15277
6770,0.46523
3522,0.88164
5584,0.95594
8323,0.86281
3862,0.49765
373,0.32873
7345,0.38397
7708,0.96395
1398,0.88901
4298,0.08025
7467,0.15177
1878,0.72565
1832,0.25043
625,0.14256
7438,0.08026
9961,0.96135
7117,0.20445
8190,0.20271
1713,0.4655
949,0.0595
9246,0.07
2326,0.03169
8942,0.1383
4458,0.52312
4659,0.3992
9522,0.12693
2497,0.96929
9836,0.28478
3808,0.97339
5575,0.98983
5714,0.18941
2490,0.7279
6812,0.37963
4335,0.14504
10014,0.99289
5889,0.86227
482,0.93571
8082,0.05454
5856,0.96987
8866,0.48571
2624,0.9928
1371,0.97258
4436,0.2095
2972,0.98085
3638,0.85907
6249,0.4465
7602,0.13729
9624,0.98276
7567,0.21838
6578,0.15529
7590,0.7394
8590,0.96928
10520,0.68309
1906,0.1625
1373,0.27847
1601,0.93426
4754,0.22662
8208,0.26512
1658,0.97318
1352,0.97266
8143,0.89428
7760,0.41418
7836,0.35768
9769,0.26121
503,0.81146
4909,0.20535
7162,0.32908
10035,0.75875
1992,0.42793
6133,0.29904
8519,0.32298
1879,0.45074
7107,0.53196
1225,0.44788
2451,0.3543
8252,0.06285
9214,0.33151
4850,0.97303
5891,0.10726
5274,0.21215
8623,0.01822
562,0.98101
860,0.58658
4199,0.98113
7616,0.24007
10544,0.63704
1567,0.97152
6552,0.08802
954,0.15173
111,0.15735
7036,0.54559
1995,0.98814
7095,0.36767
10180,0.63036
6872,0.96669
4805,0.98835
355,0.92648
8097,0.99236
9271,0.95629
431,0.48831
1646,0.53007
143,0.98411
3436,0.07643
150,0.62257
9745,0.35423
715,0.18368
578,0.31654
8684,0.97864
1186,0.68328
9115,0.16218
9239,0.09348
5461,0.98998
5424,0.80322
1349,0.93951
609,0.84735
7569,0.33606
1622,0.48964
6541,0.04588
9873,0.93998
305,0.23868
6041,0.3446
5360,0.38792
8445,0.95983
7260,0.46386
4526,0.97996
138,0.32026
168,0.39784
7888,0.93385
4639,0.81041
867,0.16467
9673,0.99473
710,0.45604
4749,0.10262
4716,0.13626
410,0.97777
2155,0.98749
3289,0.26973
7774,0.32859
1200,0.26332
9057,0.11327
2261,0.21958
9612,0.13486
4987,0.43806
3605,0.95116
5068,0.97332
4474,0.97268
5831,0.9221
4729,0.18106
10060,0.41822
6895,0.12612
3791,0.98435
7910,0.24489
4209,0.0265
4984,0.9574
1773,0.17161
2101,0.05741
7251,0.02266
2887,0.6714
875,0.83369
8185,0.47748
9688,0.98069
5342,0.18707
6802,0.1506
3077,0.58131
712,0.21896
3026,0.33792
2640,0.30046
4872,0.26442
3334,0.97821
2431,0.11859
9218,0.14024
7417,0.72953
3563,0.9884
1006,0.1231
8940,0.04909
7703,0.17646
2686,0.32148
8159,0.98784
37,0.11418
65,0.08668
1910,0.28558
2202,0.98174
9717,0.61294
2388,0.96921
2365,0.10658
5072,0.50549
4614,0.08374
6955,0.22519
4094,0.18649
3319,0.9891
1456,0.99121
5381,0.97676
4479,0.71929
4766,0.33071
6076,0.92579
8064,0.20094
3416,0.9888
4892,0.29698
9942,0.99275
9215,0.33628
4506,0.80809
9275,0.31951
1306,0.97999
6828,0.99035
8368,0.6862
7205,0.13937
360,0.91762
3386,0.21862
3835,0.43135
1305,0.1947
7963,0.09382
2073,0.56573
4230,0.18167
9012,0.05548
2723,0.96733
6788,0.97249
7945,0.19581
4868,0.97747
6597,0.45258
7323,0.05137
6229,0.14125
3427,0.31137
7727,0.26457
4707,0.99048
2547,0.90438
4523,0.98591
9648,0.10787
1084,0.04622
3327,0.84844
5591,0.30641
186,0.04067
2938,0.28287
9912,0.96685
6047,0.42642
2417,0.76793
10533,0.01942
1137,0.37097
1533,0.98733
9233,0.24882
43,0.05285
8986,0.3536
6000,0.991
480,0.37871
2457,0.59606
5362,0.0801
7722,0.42557
7940,0.90119
6104,0.97513
8853,0.03505
5813,0.90253
4769,0.11262
2544,0.36678
6379,0.21562
5262,0.07729
9885,0.24322
10081,0.30669
1315,0.33659
3388,0.0503
3473,0.95925
2117,0.26275
9411,0.39215
9379,0.98874
4236,0.07958
2049,0.06691
4786,0.29194
1604,0.23768
7659,0.03132
8152,0.08269
5417,0.16643
160,0.13943
6826,0.97969
1815,0.38189
3647,0.59911
5605,0.15918
3526,0.97437
3854,0.97112
1053,0.06448
2411,0.35598
6015,0.22179
2089,0.98664
7745,0.71427
6816,0.35846
3934,0.4781
6547,0.40799
3758,0.8778
7158,0.97585
1584,0.00791
2982,0.98139
7679,0.97336
5286,0.99016
3776,0.70626
1235,0.47986
6294,0.585
1012,0.82201
10318,0.05694
7134,0.1551
5180,0.74028
2108,0.43908
3639,0.31322
6729,0.20177
2472,0.2187
10235,0.45366
190,0.98006
4713,0.9723
6827,0.34047
6108,0.98996
1114,0.992
4848,0.18342
606,0.19391
1573,0.84529
8546,0.22544
5193,0.15997
2936,0.21001
5104,0.94237
6712,0.66766
3055,0.1923
74,0.98448
7726,0.54752
9183,0.27408
162,0.02171
7288,0.4982
8657,0.9915
1295,0.07623
8207,0.4392
4433,0.98543
590,0.98893
10549,0.0561
7749,0.70737
405,0.99369
10267,0.85653
7133,0.23356
7584,0.56924
6616,0.81294
1719,0.43554
9761,0.77451
5859,0.14847
5662,0.0341
1736,0.20967
9333,0.36361
1102,0.13642
2790,0.25953
6598,0.91559
7995,0.97323
4452,0.98023
159,0.27353
511,0.82482
7006,0.9219
1123,0.94094
6073,0.43341
7094,0.12465
10008,0.40588
7573,0.25188
679,0.24007
6809,0.26378
1108,0.11168
380,0.16826
204,0.08281
7075,0.19059
2550,0.51743
9785,0.34911
5036,0.37444
3129,0.18157
6495,0.86155
880,0.07985
2360,0.26403
7839,0.14871
350,0.25222
9151,0.92834
6650,0.42142
7208,0.88357
5840,0.30098
5997,0.35418
2103,0.96385
713,0.53095
7771,0.25898
10255,0.14357
3944,0.99599
4250,0.30003
2833,0.10399
3052,0.13549
7855,0.99264
4152,0.41711
4445,0.94794
10036,0.45276
9727,0.34227
2234,0.34307
9632,0.97035
626,0.25777
1644,0.141
4859,0.99314
3987,0.02109
5884,0.99039
4112,0.7246
10392,0.01332
2962,0.1974
21,0.30844
8524,0.99558
2543,0.24683
663,0.2326
2748,0.7186
3451,0.25539
964,0.98667
10560,0.92173
2428,0.25393
4520,0.09943
7660,0.91755
6583,0.62432
10390,0.3065
688,0.13201
7957,0.97163
3356,0.63999
1766,0.16699
9128,0.20531
2340,0.24166
9421,0.21838
7712,0.4672
8200,0.08387
8762,0.22092
6446,0.20811
5194,0.22178
960,0.323
779,0.97326
3584,0.50095
3011,0.32806
2769,0.25664
1392,0.27797
7254,0.98201
9084,0.23658
9622,0.2704
3665,0.22387
1609,0.13539
6130,0.17533
10155,0.02707
7826,0.97681
8300,0.20934
5038,0.42524
7582,0.8294
9561,0.00857
7430,0.83951
5045,0.87561
10421,0.14536
5675,0.31572
4687,0.26931
4944,0.96042
5105,0.98792
148,0.26088
6371,0.0774
8108,0.23464
4354,0.06838
6077,0.87039
4292,0.30887
10068,0.46868
5821,0.35257
1042,0.782
7715,0.21012
9703,0.23219
2761,0.39534
7002,0.17503
7313,0.2881
9050,0.35213
5518,0.04796
10556,0.9482
1078,0.0854
9699,0.21718
10445,0.9259
8748,0.80699
2960,0.17753
4317,0.28887
939,0.30612
8423,0.1175
5196,0.12168
8151,0.47073
7199,0.97211
1574,0.25913
8566,0.19267
7389,0.4688
1177,0.52258
10282,0.41437
10098,0.52327
4512,0.23888
4055,0.98682
8431,0.88814
4532,0.67917
10450,0.35375
5754,0.9391
1882,0.97193
1563,0.96672
4871,0.9476
8440,0.10049
3253,0.40575
8270,0.21
4610,0.04874
9619,0.16257
8786,0.13872
2889,0.7578
9781,0.54219
5061,0.39356
7059,0.99058
2064,0.99054
1587,0.41787
1934,0.97284
5516,0.03276
9853,0.09828
7867,0.15068
1556,0.29736
5495,0.17163
4274,0.11915
8177,0.23475
9491,0.99389
9813,0.20999
2205,0.1601
2710,0.46658
2992,0.13472
7998,0.33426
6428,0.7874
6638,0.38469
3035,0.67611
1578,0.37277
1324,0.55286
2316,0.98286
9326,0.26619
7359,0.98961
7741,0.37296
5143,0.19822
8196,0.57007
630,0.13031
8481,0.94263
8497,0.16837
5409,0.93914
5749,0.37109
8219,0.7262
9571,0.71982
4886,0.97787
5367,0.24502
1185,0.24966
8291,0.27019
1590,0.22374
7698,0.12313
51,0.59386
8784,0.18798
3928,0.24802
5987,0.13435
7008,0.98571
7482,0.97536
9374,0.21499
1296,0.57843
10289,0.98154
2986,0.22989
4651,0.26564
8594,0.40017
7469,0.78276
2871,0.05259
1903,0.97488
8571,0.98328
4832,0.9916
1242,0.95752
7115,0.29349
3599,0.29543
2065,0.26791
4529,0.21666
763,0.31386
6698,0.97612
2002,0.99315
2020,0.73276
5229,0.31117
8243,0.49314
6936,0.43442
9360,0.99154
4360,0.31334
7951,0.26149
6701,0.56391
7574,0.9709
2426,0.13345
1681,0.98534
7135,0.18001
3688,0.09332
3872,0.37397
558,0.01705
2228,0.8449
8170,0.22924
7171,0.19127
7756,0.12564
3609,0.2833
3985,0.16943
1139,0.43629
3453,0.41118
7583,0.26897
9788,0.92627
10175,0.40435
6059,0.05948
104,0.21868
10168,0.2694
8902,0.99256
5343,0.98786
4239,0.08515
6767,0.41102
6269,0.26037
6682,0.44344
9558,0.03284
2416,0.45085
6592,0.21689
6196,0.3352
2751,0.99551
3412,0.81378
8302,0.85101
1120,0.64858
8005,0.03498
6637,0.2192
6440,0.25294
6679,0.97155
8039,0.96025
5357,0.95985
8844,0.97726
2964,0.2374
6040,0.25692
7259,0.95444
8974,0.75748
7439,0.14651
1045,0.13334
7706,0.1379
9724,0.13888
3698,0.14139
7339,0.97673
1749,0.26703
7257,0.0578
2963,0.98752
7775,0.19624
10501,0.34921
4258,0.98785
7908,0.97908
722,0.32108
6519,0.54399
6916,0.22904
4456,0.99262
2731,0.22457
917,0.9633
4107,0.40716
7894,0.40307
2540,0.08466
8455,0.98205
10406,0.95081
8909,0.36518
5489,0.36939
306,0.99544
3894,0.37097
2735,0.19628
4939,0.59807
1551,0.62467
777,0.52698
2160,0.98789
8599,0.98491
2727,0.11081
6362,0.38643
1417,0.95662
10343,0.03145
4866,0.98613
2682,0.20285
9856,0.27656
4498,0.3903
7450,0.09758
6899,0.28957
5649,0.97909
6086,0.12713
1618,0.21343
9926,0.15463
2847,0.12561
8099,0.57599
5724,0.50461
3358,0.13284
8136,0.16627
955,0.28837
8819,0.32075
5832,0.91895
10413,0.99425
6548,0.08701
8407,0.3897
10090,0.14561
8564,0.36152
808,0.90672
5303,0.14204
8913,0.85747
9425,0.9579
9543,0.98904
1219,0.81591
9575,0.93257
4019,0.80788
6223,0.98066
9588,0.24608
4739,0.19325
10492,0.96416
2017,0.6257
5524,0.98948
7449,0.96588
5734,0.20526
5456,0.21427
797,0.83064
5525,0.28113
8265,0.04313
1981,0.99015
8977,0.88183
6241,0.99113
6021,0.3655
7720,0.19472
8632,0.14889
6705,0.23362
2476,0.701
3510,0.4166
8887,0.59956
10115,0.22847
9061,0.19923
5570,0.32132
2763,0.72081
1437,0.78914
3448,0.17446
3529,0.12279
3156,0.21054
4604,0.98145
6776,0.80956
10227,0.54195
1545,0.59821
10487,0.15055
993,0.35744
1161,0.98573
7975,0.98557
1591,0.26394
7804,0.9863
5048,0.29403
10454,0.98625
3567,0.05189
5886,0.45651
9937,0.29125
3931,0.91755
9706,0.98913
10193,0.52225
5569,0.97425
9747,0.27507
2217,0.99071
5936,0.11138
3885,0.63215
1086,0.23265
1799,0.84733
9763,0.71265
3299,0.2581
8268,0.95604
473,0.06482
337,0.97878
9381,0.78803
6426,0.35503
1210,0.5403
4986,0.7509
8285,0.35427
2024,0.38018
245,0.94562
4807,0.33593
2208,0.87297
9835,0.17076
8963,0.49043
9946,0.26859
5230,0.1081
2788,0.30493
674,0.66302
1629,0.98278
2300,0.10874
169,0.21738
3575,0.98773
6910,0.2097
1479,0.14318
10498,0.63551
8062,0.90822
9672,0.25913
9467,0.1641
6763,0.45776
8508,0.18038
1034,0.32499
3756,0.26056
9263,0.22489
8141,0.25947
532,0.99531
7022,0.20947
4024,0.27709
3298,0.32172
5641,0.50856
10455,0.34907
5206,0.98248
7005,0.17813
8971,0.26335
8358,0.56017
257,0.2023
78,0.89417
6333,0.63249
7969,0.10647
2505,0.64057
2004,0.89679
3748,0.5035
5668,0.37414
365,0.04783
9651,0.17686
2324,0.23155
3902,0.05751
9294,0.02949
5377,0.26837
2817,0.99079
7670,0.19397
4755,0.86626
255,0.99139
2714,0.46655
2922,0.3884
5517,0.79757
5157,0.68528
64,0.09598
5300,0.22311
451,0.17845
3941,0.79058
326,0.19183
3757,0.22955
8798,0.40939
2315,0.99162
6755,0.99427
2916,0.46369
7406,0.52117
3703,0.9798
5403,0.43034
622,0.10035
9,0.01529
5848,0.27073
8670,0.15974
1156,0.17123
10179,0.33232
2028,0.98579
3924,0.91156
620,0.06048
1963,0.92977
4537,0.19663
8970,0.30581
3024,0.98533
6140,0.97405
1866,0.10081
4442,0.9738
2312,0.31606
6749,0.40298
459,0.72903
1516,0.56256
8817,0.22623
4912,0.05742
2076,0.09122
10023,0.93064
7684,0.23387
3531,0.17954
6209,0.72395
10508,0.9922
8678,0.90035
3541,0.18322
1208,0.82814
4090,0.60849
1097,0.18292
5099,0.89388
2816,0.39544
4291,0.25514
1409,0.65856
6401,0.04363
4617,0.5542
6111,0.07493
6172,0.99405
10357,0.01056
8465,0.99005
3867,0.12771
9495,0.91215
4348,0.21354
7879,0.6041
9273,0.8389
3252,0.467
9167,0.47636
2573,0.12486
7395,0.83487
9046,0.13823
1526,0.21614
9339,0.14022
10301,0.98115
7588,0.77843
1104,0.08373
1310,0.20908
6631,0.15544
10475,0.39419
9090,0.06779
1528,0.28644
1657,0.96314
1175,0.17942
1895,0.31189
3864,0.28723
4700,0.14554
3572,0.40237
10507,0.31744
269,0.76395
5744,0.78725
1687,0.23
3020,0.349
4974,0.97898
5119,0.61399
1916,0.86851
6687,0.99178
2197,0.85175
8641,0.16149
10073,0.97039
1967,0.21435
4999,0.17758
9816,0.3705
734,0.98324
9665,0.4199
5092,0.98953
2591,0.93185
9877,0.95865
4601,0.995
7734,0.29317
7185,0.90785
6405,0.55488
7003,0.37343
928,0.02062
6490,0.35475
1586,0.05476
10139,0.97687
1192,0.39004
10526,0.14478
5544,0.92625
8779,0.26023
4497,0.308
3059,0.98848
2181,0.26373
2303,0.22095
1190,0.58982
1468,0.02614
8771,0.3086
8997,0.77351
6365,0.44308
10355,0.1713
3478,0.441
3764,0.11271
3542,0.14734
4941,0.17527
1840,0.65221
463,0.1475
7407,0.15022
7711,0.35943
6044,0.12903
3750,0.98973
10114,0.16761
1332,0.87393
425,0.9602
3479,0.98372
1979,0.61621
2994,0.73125
207,0.46923
5820,0.98568
9187,0.3064
5423,0.97047
2743,0.03393
2902,0.98429
9126,0.98097
7903,0.47727
4100,0.76926
3578,0.77054
6061,0.30175
5081,0.16615
4575,0.17347
6695,0.74442
5960,0.01321
10186,0.10603
6795,0.40954
10022,0.46683
5841,0.77588
7481,0.12431
9331,0.09808
400,0.9914
6907,0.41142
10393,0.92923
3709,0.96241
4726,0.98904
3007,0.16531
4723,0.17039
597,0.11931
1810,0.76234
4131,0.39804
4697,0.61977
8838,0.87332
5956,0.04881
4196,0.65828
63,0.8071
1714,0.09131
904,0.38377
9715,0.97387
4,0.23655
5462,0.32847
259,0.34705
5418,0.14176
6849,0.08475
9893,0.39519
10003,0.92985
4976,0.12933
7611,0.98096
900,0.04758
3746,0.52623
3893,0.25231
2966,0.18849
9667,0.7776
9734,0.1585
8123,0.11735
8470,0.96404
4058,0.28209
4623,0.96087
3782,0.13566
7966,0.47083
6003,0.4787
2168,0.27121
422,0.34798
6381,0.38226
1136,0.80661
3443,0.41077
2214,0.62689
9973,0.99094
1593,0.33028
5474,0.79255
812,0.99438
4703,0.08754
4294,0.9905
10021,0.08282
395,0.08219
3237,0.54059
9099,0.26312
2401,0.04664
10371,0.22898
3420,0.90071
3460,0.98461
9088,0.16538
5995,0.98217
3084,0.97871
3595,0.21446
9524,0.9819
167,0.16601
9743,0.98413
6109,0.21624
433,0.17079
6292,0.09435
8125,0.27662
4035,0.48194
2929,0.84581
8810,0.99222
4403,0.11255
3925,0.89917
1290,0.67307
3689,0.97235
6709,0.11615
8021,0.69579
6237,0.98294
1453,0.31415
7340,0.16922
6078,0.38239
2369,0.06115
1781,0.07836
3830,0.98988
7625,0.30101
8150,0.22762
1680,0.43573
7077,0.06315
3360,0.61964
7927,0.98357
244,0.10454
8107,0.9657
820,0.98859
5915,0.93096
924,0.20437
9207,0.74382
4077,0.95345
6052,0.54167
508,0.97642
8105,0.14049
4405,0.14177
7558,0.154
6094,0.88291
484,0.93483
8927,0.30042
310,0.22955
8075,0.75589
1094,0.28991
3211,0.37378
1700,0.96967
4816,0.28672
9354,0.6844
8845,0.24326
7530,0.94961
1520,0.1826
1087,0.97789
5786,0.52826
6847,0.82641
999,0.34396
5308,0.67804
6569,0.8974
10200,0.08061
5868,0.92484
1757,0.11867
4625,0.91802
2955,0.93639
6187,0.98931
9931,0.7542
4883,0.53302
2488,0.96905
156,0.92752
2820,0.36829
1311,0.24226
1517,0.49983
3640,0.15253
5763,0.06769
6689,0.34219
1193,0.51498
8217,0.78788
10327,0.36839
5042,0.19311
6903,0.12207
2068,0.95211
7614,0.29486
8842,0.2039
2445,0.2189
10276,0.34844
4931,0.36903
6842,0.41236
5927,0.22156
6207,0.27694
4539,0.21927
8721,0.15487
3618,0.14771
2580,0.07048
5321,0.944
3181,0.44617
4742,0.12147
3340,0.80274
8310,0.98195
3948,0.52966
2126,0.73205
10436,0.50589
9635,0.98866
9022,0.43161
8576,0.27696
2522,0.05268
7341,0.7861
7377,0.96181
7636,0.24606
2536,0.95222
2706,0.94687
4814,0.13011
6032,0.29021
2630,0.55186
1857,0.24153
5412,0.98739
1957,0.09445
9805,0.1243
9256,0.3781
1055,0.92854
8439,0.19548
317,0.3676
6126,0.122
9970,0.34355
6008,0.22921
2811,0.22745
10214,0.27698
10337,0.05145
6563,0.21568
5611,0.92243
6358,0.12373
8446,0.22625
974,0.32497
4839,0.3824
4806,0.86128
4597,0.18298
4649,0.12944
7744,0.98935
5826,0.30032
6118,0.17051
6785,0.27661
301,0.96642
3192,0.99101
9854,0.66615
9227,0.96055
4768,0.28688
2961,0.20225
4564,0.14421
2484,0.3964
1606,0.01713
2864,0.03476
2884,0.14489
2753,0.15432
4366,0.45625
2470,0.12343
6369,0.24544
2754,0.2097
2501,0.08826
8890,0.085
2093,0.92724
4937,0.37743
2850,0.12239
3706,0.14204
6645,0.936
5799,0.89442
4229,0.98645
4900,0.33719
7883,0.18707
4629,0.98246
6459,0.50129
10381,0.9846
220,0.91503
761,0.75212
4264,0.9844
6633,0.74374
1424,0.97608
7017,0.3316
6901,0.37251
7126,0.1755
881,0.47131
6382,0.47552
7502,0.37286
1911,0.82628
3076,0.42047
9281,0.2453
1534,0.72679
8378,0.14793
4717,0.94994
7012,0.98859
9028,0.41071
5407,0.52705
274,0.26194
9465,0.66444
5164,0.28796
937,0.37905
5264,0.93799
8051,0.35055
10304,0.46667
2403,0.17823
1697,0.96792
8142,0.22179
3734,0.08299
8487,0.12432
5123,0.96982
8726,0.14485
2336,0.61599
7376,0.13517
2793,0.21612
1998,0.20255
319,0.97774
6783,0.28397
6911,0.87686
3078,0.98085
3310,0.8992
4790,0.77936
2712,0.49073
2968,0.98192
7777,0.84327
10442,0.57979
1654,0.34615
10438,0.50545
4509,0.07691
3963,0.35075
5043,0.19473
5421,0.99332
6465,0.18632
8034,0.96032
806,0.83207
1090,0.44382
1566,0.46607
10187,0.4465
2634,0.99344
569,0.78114
135,0.268
3732,0.93609
6247,0.98204
10466,0.44113
8429,0.39511
6725,0.12033
6128,0.09932
8496,0.42036
2433,0.96862
5552,0.98958
7122,0.41924
376,0.15576
796,0.37087
6121,0.48222
8960,0.3833
5686,0.08655
2213,0.38611
6602,0.82184
3357,0.97435
1997,0.49167
691,0.24075
4370,0.75713
9660,0.9838
7189,0.11655
6660,0.37414
2074,0.92684
5375,0.97121
1816,0.03103
9802,0.92757
7654,0.98681
3784,0.85527
9604,0.91485
6397,0.83371
7125,0.83553
1460,0.5107
5718,0.37948
5452,0.97969
7064,0.66184
8272,0.96645
3620,0.98478
2772,0.45094
5150,0.18047
125,0.28654
1005,0.08869
616,0.44825
9056,0.07965
3972,0.08028
746,0.03733
10286,0.99272
723,0.74811
1283,0.53404
8009,0.88833
8509,0.22863
8220,0.54651
7393,0.95056
8499,0.18227
3789,0.26737
9658,0.72263
8171,0.16351
1985,0.51352
733,0.27739
6706,0.3353
6282,0.12268
7243,0.22666
3995,0.89163
4375,0.73409
1647,0.30379
9306,0.95925
9272,0.12868
9464,0.32845
5340,0.31126
5475,0.99296
4911,0.97392
9315,0.60189
811,0.4065
6395,0.51305
3229,0.25822
2250,0.8126
8433,0.88206
10428,0.146
10461,0.25343
8408,0.8758
3945,0.91348
863,0.97107
4683,0.40899
1162,0.98546
9132,0.45939
1076,0.27376
7236,0.16481
3218,0.36385
6866,0.04888
4997,0.53796
9121,0.20341
8696,0.22801
3313,0.44968
1421,0.38408
80,0.36179
8163,0.27852
4583,0.94408
4053,0.03052
8693,0.18699
4139,0.21589
6976,0.45997
3549,0.27857
5534,0.16061
1638,0.76265
6375,0.94474
1008,0.41702
9120,0.93528
8071,0.66898
3266,0.98342
10482,0.99472
5288,0.19718
6302,0.29679
2183,0.18618
9199,0.28487
5441,0.08159
4418,0.15875
7287,0.514
1532,0.74713
2978,0.34847
1230,0.18174
6423,0.98241
9643,0.24692
5142,0.13999
9368,0.45112
6132,0.84984
9031,0.31413
4767,0.99238
844,0.20254
10296,0.1414
9045,0.76053
10469,0.22811
9223,0.18002
9340,0.22111
1226,0.15513
686,0.376
4037,0.99498
7620,0.18079
9322,0.75386
2943,0.24965
6549,0.15304
8124,0.15077
1803,0.97845
8025,0.07946
368,0.11333
3660,0.19782
4943,0.56266
9143,0.17444
958,0.79831
4272,0.31967
200,0.25377
7314,0.99227
7827,0.14822
252,0.20464
2242,0.78078
2804,0.11892
8802,0.12699
7645,0.97798
7228,0.99039
9200,0.01782
4738,0.99292
4513,0.96951
7999,0.06144
3938,0.43619
8127,0.97763
9265,0.19454
7353,0.84129
4772,0.33971
4461,0.29805
1335,0.23275
9018,0.8858
10460,0.99396
7956,0.23477
1238,0.12048
2552,0.98286
6517,0.64327
5925,0.82431
7413,0.11884
3728,0.17239
1103,0.95942
3704,0.76087
8413,0.98519
4533,0.96864
5449,0.91999
7306,0.17917
1401,0.98486
7365,0.87073
8363,0.16433
3656,0.40174
5683,0.803
1940,0.34636
8674,0.228
6745,0.40522
4431,0.98231
2263,0.98879
7506,0.96146
4059,0.97717
4588,0.16509
8692,0.97247
7258,0.87447
5448,0.98729
8865,0.24196
1119,0.0392
7642,0.98854
9981,0.93919
181,0.9731
7528,0.54309
9086,0.9002
4963,0.32859
5292,0.15064
1254,0.39393
2125,0.97323
5601,0.98373
2758,0.96233
1922,0.31386
5440,0.21058
3001,0.74884
4011,0.30816
8604,0.39125
2779,0.2185
1568,0.29275
10123,0.46386
9053,0.57246
8028,0.70507
82,0.36746
2845,0.97089
10221,0.7104
8598,0.43092
5011,0.99489
7401,0.30509
8687,0.37431
8767,0.9797
10046,0.4679
1920,0.50336
4364,0.98725
9395,0.22062
3602,0.42174
9038,0.44396
7786,0.23712
5106,0.85007
9337,0.11145
1575,0.10245
10291,0.49856
2965,0.98669
1478,0.16215
3625,0.17498
7329,0.99058
4116,0.58394
9136,0.15052
6870,0.97882
4073,0.95544
7863,0.57567
7437,0.25711
278,0.98929
1977,0.24218
8570,0.63014
6800,0.06927
8964,0.03471
7534,0.98653
6539,0.92775
645,0.25635
8223,0.30781
610,0.26707
1512,0.96073
8340,0.79908
4524,0.18401
7465,0.30842
6313,0.2667
1873,0.22305
1015,0.95813
444,0.14416
4967,0.48747
8988,0.84548
3199,0.55771
8020,0.99396
6103,0.21541
362,0.22632
7325,0.91637
5730,0.11148
10448,0.99273
1452,0.33537
6669,0.80414
7892,0.33571
7859,0.99465
5866,0.98154
2970,0.72551
9609,0.27209
893,0.47474
4176,0.61459
4280,0.18763
3970,0.274
4516,0.14578
7503,0.2838
7955,0.97984
9852,0.84855
8380,0.96485
9284,0.99369
10386,0.10264
4004,0.31986
5328,0.20448
9274,0.96457
4646,0.2046
396,0.97774
5513,0.30093
4117,0.3594
3751,0.15629
9767,0.43536
1071,0.44581
7812,0.91672
5059,0.10779
2667,0.28534
9304,0.08615
10385,0.25449
7930,0.41109
5225,0.13644
9839,0.09166
2831,0.24939
2387,0.24221
3433,0.63695
5101,0.2559
6357,0.9438
5476,0.34892
3807,0.98753
10232,0.21597
1508,0.44929
6993,0.83735
5505,0.34355
6009,0.263
5301,0.84361
6766,0.05245
2248,0.58918
8572,0.2057
852,0.45769
7871,0.98479
6926,0.42068
10220,0.99138
9007,0.98362
6990,0.99374
2012,0.79947
5645,0.32057
9091,0.85838
3797,0.28292
7201,0.18607
672,0.95934
1257,0.99066
2010,0.09913
8222,0.96657
9636,0.39644
2746,0.85275
2919,0.98571
5231,0.12571
5625,0.24067
10254,0.65993
2651,0.24162
1740,0.97715
3212,0.44303
10502,0.24989
7139,0.13096
7210,0.44691
10049,0.82167
1621,0.19317
2301,0.29552
5798,0.95097
3812,0.95525
6190,0.61747
5503,0.15414
9972,0.06351
5646,0.12145
2003,0.98817
1069,0.18088
9656,0.83915
279,0.97643
4328,0.48512
7105,0.28077
1643,0.14689
3108,0.32734
3106,0.16028
1626,0.22503
9838,0.12287
6994,0.54474
3463,0.21222
781,0.66151
4337,0.15067
1639,0.11632
416,0.16745
7687,0.62553
9610,0.19798
2519,0.22228
10210,0.21412
8633,0.98626
1276,0.97586
4764,0.56087
7674,0.34284
6550,0.65067
3853,0.49264
341,0.04845
6258,0.13871
1884,0.76835
2855,0.08117
2196,0.21553
5326,0.71059
6380,0.21992
5580,0.22182
4563,0.28271
10414,0.78098
3226,0.9727
3175,0.83078
9457,0.16788
1705,0.11167
5910,0.22249
375,0.30771
10333,0.33539
3852,0.39451
1971,0.12217
8720,0.74973
1860,0.27615
10349,0.97141
4605,0.28191
7358,0.77437
8258,0.28973
5678,0.15632
694,0.95782
8482,0.30787
1924,0.29385
3716,0.96009
3282,0.1983
5746,0.10824
1518,0.22682
8741,0.07951
7630,0.13246
8276,0.08281
6939,0.44204
1435,0.58665
8157,0.28223
1041,0.32022
4478,0.70387
8307,0.07846
2094,0.99113
5916,0.56698
9848,0.97091
4803,0.44673
2147,0.06874
295,0.98716
861,0.06178
3822,0.39632
5609,0.99133
9450,0.16314
4122,0.25167
10558,0.22337
4285,0.23636
6184,0.97571
7295,0.18581
1926,0.99312
5026,0.18567
7952,0.96904
4194,0.08185
639,0.86086
2130,0.30292
3119,0.17468
3251,0.17994
5803,0.2092
9553,0.43774
5937,0.97891
2133,0.2429
693,0.08358
5944,0.58654
2227,0.70819
9915,0.08929
4044,0.8777
6033,0.1935
3270,0.94799
7050,0.24433
6185,0.28067
7984,0.69485
2109,0.98107
2244,0.18674
2481,0.28788
4332,0.98936
6016,0.30772
10162,0.82428
2453,0.54802
6228,0.13535
6166,0.23433
1411,0.92538
254,0.3494
7479,0.43024
1476,0.15081
7801,0.63064
4988,0.35127
4694,0.33452
10194,0.64565
2574,0.95583
8334,0.31604
419,0.32753
8643,0.95611
2548,0.23999
4615,0.97505
8772,0.16264
10463,0.97553
6756,0.3958
1503,0.96473
4095,0.01345
1723,0.82198
8829,0.24194
10085,0.15925
4796,0.22162
9756,0.30201
2158,0.35402
7273,0.395
3056,0.16472
656,0.31362
3074,0.13016
4661,0.74764
3958,0.49652
4311,0.26369
8375,0.99009
7442,0.295
3839,0.42117
6179,0.18715
3786,0.41055
8520,0.98746
3664,0.15473
2014,0.90634
8298,0.11857
4220,0.34653
10127,0.99273
6182,0.73064
3206,0.94821
8503,0.99236
5682,0.73745
5699,0.17611
6215,0.97587
1394,0.07376
9582,0.3833
10070,0.98421
4940,0.98489
4193,0.37608
3400,0.39979
4785,0.37023
7460,0.90112
5838,0.38617
2503,0.20717
2730,0.96854
7156,0.15246
5511,0.97566
438,0.63524
2233,0.98006
2016,0.10879
139,0.29846
384,0.16785
2313,0.14223
5145,0.96815
7864,0.41968
1195,0.96756
5365,0.29874
6977,0.2843
10001,0.19124
567,0.23722
9950,0.63271
157,0.06076
6553,0.93727
7337,0.21733
349,0.25582
4874,0.16831
10313,0.80226
8421,0.38793
9469,0.19353
9314,0.91651
3663,0.14801
7216,0.00912
8871,0.46446
5743,0.98491
2072,0.47954
2654,0.09585
5908,0.27537
9863,0.03433
457,0.21712
6965,0.06085
3030,0.20319
7765,0.13045
748,0.04427
6304,0.35036
9606,0.31112
10351,0.09816
406,0.82483
8120,0.07701
8486,0.96264
6998,0.98929
77,0.97202
841,0.23027
7709,0.04931
7404,0.98722
5606,0.24551
965,0.71104
3163,0.25994
10192,0.16722
6163,0.20151
9865,0.2502
9518,0.16072
1267,0.16038
2051,0.9908
2046,0.28504
1464,0.9866
2153,0.12421
6612,0.44411
4971,0.70343
866,0.03593
4124,0.50933
5086,0.69232
4351,0.34631
8101,0.10013
7912,0.36039
2504,0.93932
2837,0.04806
2034,0.69954
4844,0.63382
7780,0.10786
5901,0.06932
3296,0.15729
7299,0.97018
8574,0.37648
7472,0.96924
2276,0.49234
5980,0.26444
3184,0.29514
4359,0.51055
1064,0.53666
9039,0.07916
6376,0.15282
1706,0.52983
7970,0.05457
3540,0.76781
1407,0.26602
4561,0.23816
6691,0.9878
7172,0.15426
1923,0.32019
4407,0.98582
6777,0.16148
2600,0.48248
1936,0.08597
9778,0.0594
2766,0.50532
6668,0.96722
9013,0.20466
4319,0.2382
3263,0.51125
1612,0.97644
5132,0.42395
216,0.97739
7232,0.25598
9373,0.13376
5030,0.57897
10107,0.67934
8309,0.80384
8449,0.88946
6961,0.14482
4954,0.40398
7344,0.71024
8146,0.98121
1132,0.68312
6145,0.89288
1353,0.64802
3624,0.93649
5058,0.94926
9789,0.44006
7290,0.27479
8583,0.26609
1088,0.94549
9210,0.59941
8240,0.1604
3326,0.15489
6315,0.68538
8410,0.44469
4535,0.34314
5991,0.3417
1874,0.75898
1898,0.1367
3557,0.99217
8587,0.99254
4190,0.15671
7261,0.95711
6854,0.21256
9375,0.31328
6317,0.94987
7713,0.94459
7058,0.97515
7628,0.16076
3513,0.402
7953,0.97477
3445,0.09894
8461,0.43825
2834,0.34952
3414,0.27833
9262,0.98241
9235,0.22565
3146,0.21978
3379,0.02293
1701,0.7391
5527,0.10211
8031,0.5456
4032,0.46064
9782,0.90021
7656,0.41445
2985,0.98344
9334,0.92018
3343,0.17808
4760,0.21435
10311,0.82452
2609,0.83431
5117,0.29856
6724,0.98213
671,0.98683
798,0.1528
2341,0.24095
4262,0.89404
1950,0.9724
799,0.99178
2575,0.87701
660,0.99165
6432,0.72255
3168,0.99167
7435,0.9765
4010,0.98909
2882,0.95941
5930,0.93008
7716,0.29517
4054,0.22551
3148,0.17773
670,0.30636
3519,0.21647
5770,0.07052
8876,0.89111
8357,0.29368
1620,0.90008
8558,0.22223
6786,0.93875
3825,0.29665
5857,0.56237
7685,0.43875
3947,0.12687
6449,0.33101
8636,0.41369
6046,0.65918
3205,0.17274
9435,0.98954
6865,0.1932
281,0.99238
6922,0.17495
3536,0.2449
4555,0.11977
5364,0.81115
2483,0.98645
3524,0.84197
3117,0.3689
1152,0.30609
3912,0.04945
1297,0.9548
2896,0.14147
5804,0.99003
5722,0.7998
189,0.12807
2376,0.46885
4635,0.51862
4801,0.95412
5972,0.28244
2461,0.34454
1168,0.04103
5136,0.53271
7806,0.4808
2559,0.81913
2139,0.41233
10562,0.15194
1497,0.34388
4757,0.44093
1354,0.17008
5896,0.98584
6453,0.04004
1426,0.20787
4271,0.15188
7673,0.83584
7782,0.30079
8181,0.4963
1797,0.2826
8615,0.9676
3097,0.84361
5306,0.64206
9633,0.30349
8700,0.10894
9876,0.96554
8045,0.34486
7750,0.30912
6370,0.6856
7093,0.48525
8018,0.20176
1118,0.38015
4849,0.77256
9627,0.27862
829,0.39489
4164,0.44021
1707,0.98303
6752,0.14042
6236,0.18941
4052,0.32315
5283,0.16767
2856,0.72617
4630,0.30736
9563,0.98936
6576,0.96345
5721,0.21809
4305,0.71067
8972,0.24753
1694,0.8734
3582,0.98656
3913,0.40028
470,0.34171
4195,0.19255
3422,0.27268
9744,0.35876
4206,0.19769
7971,0.45701
141,0.35174
1994,0.99
1602,0.3273
1031,0.03024
9150,0.13596
8528,0.12366
7545,0.17031
7448,0.17985
1821,0.21139
10075,0.29401
5242,0.13211
822,0.09283
4826,0.12735
910,0.36859
10147,0.59435
2018,0.95926
8916,0.1355
4880,0.26098
184,0.2067
6081,0.97557
4281,0.23386
7418,0.98227
6054,0.17562
7972,0.50994
4894,0.91051
5313,0.84984
5046,0.18393
7183,0.31821
5347,0.45734
5051,0.80088
495,0.93691
5985,0.97824
1227,0.97633
7594,0.5703
6178,0.15545
9344,0.85935
3681,0.92808
2805,0.4918
8237,0.28065
5139,0.69102
2347,0.33009
1978,0.25849
7824,0.28901
873,0.74514
2569,0.32418
4704,0.99
6974,0.14094
4454,0.13308
35,0.18534
8231,0.0602
9280,0.21511
6567,0.22457
2088,0.9887
925,0.99076
9958,0.29967
5234,0.08497
7623,0.52862
6074,0.32078
8115,0.24125
10462,0.42047
5008,0.23433
1256,0.18898
5001,0.16095
6885,0.24259
7509,0.4759
6251,0.71937
7250,0.82706
9502,0.5019
267,0.12696
4109,0.64492
819,0.12963
9397,0.85718
3707,0.24849
870,0.98042
10203,0.34414
9241,0.60437
5215,0.29756
982,0.33268
3878,0.09828
1847,0.2807
10457,0.98425
7811,0.30018
6205,0.15416
8311,0.19115
7657,0.2386
8174,0.43586
2119,0.30286
7893,0.91826
7754,0.43534
3684,0.48925
3585,0.61401
300,0.12526
9176,0.98622
5879,0.98837
1457,0.96585
5040,0.51349
1862,0.41866
9749,0.98775
161,0.98869
6134,0.91655
4995,0.16116
54,0.0361
5125,0.25402
2032,0.2555
8210,0.09547
3816,0.27951
1769,0.95077
6156,0.46926
8667,0.95987
2974,0.18784
3417,0.10127
2835,0.53699
1668,0.98804
10028,0.16137
5619,0.32449
3169,0.43325
9153,0.36283
8746,0.96008
8049,0.59564
10564,0.43398
8691,0.38156
2765,0.98717
52,0.50438
2663,0.2983
3014,0.75651
9453,0.76404
8078,0.31099
2356,0.20961
7595,0.73123
2195,0.69878
7633,0.97941
1259,0.08413
5214,0.13566
531,0.30761
2398,0.67563
5458,0.96216
2794,0.48693
153,0.18706
256,0.3898
8787,0.29059
4496,0.80556
9649,0.14792
461,0.16242
502,0.22939
529,0.05371
5529,0.27617
9391,0.9891
1032,0.59657
9896,0.21144
5557,0.36716
1836,0.14557
3476,0.25842
7104,0.11507
5480,0.27044
1717,0.38184
1333,0.99445
1806,0.1513
8297,0.22285
2806,0.0732
3407,0.22729
10518,0.26486
6043,0.27288
8857,0.89474
8456,0.16848
427,0.21721
4028,0.62411
1988,0.09684
7354,0.16399
2393,0.15791
452,0.61649
5445,0.78892
7637,0.98592
5486,0.60126
4175,0.32558
6068,0.04499
8968,0.28186
9384,0.90833
7470,0.58458
9319,0.9679
5817,0.97756
10294,0.98009
1313,0.28854
10181,0.15316
5269,0.1798
127,0.20224
989,0.94906
10234,0.29343
4799,0.98966
3834,0.19933
9206,0.08387
4753,0.08137
4437,0.26078
3520,0.9918
10124,0.18794
1318,0.26278
2055,0.43117
690,0.99075
1294,0.16434
6522,0.99014
4453,0.09469
624,0.08461
2863,0.98376
4922,0.29353
4120,0.28363
8164,0.35352
2317,0.14125
6058,0.12104
1428,0.68677
3577,0.36579
5811,0.97251
1430,0.83002
4488,0.16019
9634,0.98738
4482,0.90835
4580,0.98373
2571,0.21319
10499,0.99284
3932,0.13019
377,0.65407
5851,0.26515
6384,0.88811
6470,0.49331
8505,0.32884
4268,0.57962
10397,0.26514
4309,0.17162
1949,0.53957
2097,0.1844
9709,0.18859
4936,0.42277
4033,0.31159
3828,0.33333
8862,0.08268
374,0.35351
401,0.97033
10015,0.96389
7613,0.16476
4397,0.94004
2329,0.68845
4733,0.97449
1552,0.3391
2486,0.93093
940,0.21068
7118,0.9875
8060,0.96336
1550,0.16654
6202,0.06752
8980,0.9829
8162,0.97182
10066,0.09726
7981,0.88235
7336,0.99361
6277,0.43214
1670,0.9881
6007,0.33598
7832,0.44686
2612,0.31977
8320,0.99038
1779,0.99253
6107,0.08835
2537,0.9629
2726,0.81005
8717,0.54612
2201,0.38951
6276,0.36538
3293,0.1213
7907,0.73575
7321,0.08385
840,0.42901
1081,0.0084
8289,0.89801
343,0.21382
8184,0.10864
7166,0.89407
8805,0.99146
9407,0.28094
5573,0.14593
9330,0.93296
2215,0.948
4105,0.02899
7699,0.14423
5850,0.31874
10228,0.96025
638,0.71881
5633,0.56605
5919,0.31997
4573,0.18966
7164,0.45907
5093,0.95253
9815,0.69818
8411,0.97634
8955,0.99007
9556,0.47754
7349,0.31372
8436,0.98755
2631,0.99028
2739,0.96221
3930,0.15405
6833,0.31737
9186,0.99185
3150,0.06855
8328,0.61091
4006,0.87545
3065,0.27065
3305,0.10277
2506,0.20798
9737,0.89491
5178,0.27401
9452,0.36454
10111,0.27994
1652,0.17593
10134,0.64602
7247,0.09199
4363,0.9771
1712,0.99156
4232,0.07042
5626,0.06323
3049,0.95024
5397,0.10675
8637,0.12427
8785,0.13173
4438,0.78627
1410,0.16909
6902,0.3489
187,0.2386
3883,0.66102
3988,0.9311
5620,0.10625
2904,0.27933
3926,0.03513
9020,0.12802
2947,0.46797
2364,0.8218
5291,0.97532
7078,0.17373
4477,0.01977
4333,0.90725
9247,0.5448
6957,0.22173
7281,0.30076
4012,0.45995
975,0.98791
8037,0.73711
10408,0.97404
2900,0.54389
6457,0.44453
9292,0.34488
2115,0.24392
9001,0.87851
8981,0.10365
6085,0.18483
49,0.31953
210,0.14118
1607,0.24828
5256,0.42956
3170,0.97625
147,0.76596
7627,0.94706
83,0.18666
3686,0.17611
5133,0.36709
935,0.19802
2875,0.1483
7277,0.30861
55,0.99211
1253,0.41398
3406,0.8987
2474,0.94634
8451,0.02003
7301,0.97025
8466,0.2388
7499,0.88494
4926,0.99092
9033,0.38938
3999,0.14421
1017,0.10909
947,0.90631
7798,0.28192
6280,0.01534
6393,0.47859
8056,0.20133
9003,0.24711
4481,0.14522
5134,0.25568
4804,0.24068
34,0.31944
5659,0.98107
4519,0.11251
6272,0.9729
765,0.30874
3752,0.52594
1753,0.40191
2123,0.18115
1802,0.26522
7678,0.49673
4547,0.30519
3793,0.21813
7453,0.39733
5330,0.40663
4093,0.9014
2362,0.35213
7116,0.26385
3135,0.84766
10536,0.0463
8484,0.15825
9002,0.19609
10204,0.18059
7570,0.23901
1275,0.994
3630,0.11002
9096,0.16238
3475,0.06014
4818,0.45031
2019,0.16028
10402,0.13275
643,0.67921
9927,0.06685
2827,0.04764
288,0.40581
7886,0.85683
6584,0.98425
5554,0.98088
6329,0.14123
1233,0.44294
2541,0.23607
1150,0.11861
8459,0.6363
1814,0.25543
5564,0.08807
4306,0.40608
2144,0.21744
9792,0.14374
4634,0.25997
10084,0.17302
9847,0.07314
8510,0.31223
8921,0.70916
2509,0.85063
2111,0.55065
7505,0.61271
556,0.28749
9596,0.99496
1863,0.45962
8172,0.1171
8404,0.98479
3607,0.42674
7802,0.23139
3503,0.237
5624,0.28751
331,0.98354
542,0.98589
9705,0.21233
3592,0.11959
5018,0.27467
5800,0.99363
8651,0.2934
7600,0.25052
9509,0.02886
5431,0.47401
7454,0.14126
8106,0.14768
3137,0.64093
702,0.82121
6287,0.56906
5657,0.15222
8027,0.23402
5350,0.16547
30,0.50537
2677,0.59051
3898,0.2451
9451,0.96488
9949,0.59329
8074,0.16693
6618,0.31048
8351,0.04187
7861,0.95621
8914,0.36982
9820,0.11056
9148,0.96099
1334,0.0651
1684,0.34717
6414,0.19781
6967,0.53561
1726,0.13163
9178,0.16501
6642,0.13178
1024,0.91552
6437,0.22819
7042,0.94226
5319,0.27858
4594,0.40503
3702,0.90011
4882,0.51742
4243,0.5731
4750,0.09109
5735,0.63896
1432,0.19088
7576,0.99484
7455,0.35661
5563,0.15392
2291,0.97927
5386,0.37633
8490,0.09773
2357,0.1781
5473,0.98016
7091,0.98398
2464,0.10542
2801,0.64391
6604,0.56214
2122,0.73746
4320,0.97506
1841,0.9699
8129,0.36795
3149,0.37699
10525,0.99385
1869,0.3311
8664,0.25344
1941,0.49818
5216,0.84715
7993,0.05408
7327,0.11476
4076,0.08909
6544,0.1876
3300,0.18029
9139,0.84818
6761,0.97953
2220,0.16329
5661,0.06863
1676,0.34283
1572,0.96773
9545,0.05868
212,0.87701
2498,0.36854
5758,0.17409
241,0.98776
7872,0.40204
10546,0.19174
9615,0.57219
882,0.37735
5753,0.13967
547,0.18071
10275,0.0943
7686,0.93017
6508,0.9704
4296,0.89295
6625,0.56237
404,0.12292
1289,0.28772
5239,0.77341
10261,0.19744
2649,0.17734
9886,0.95667
5341,0.25177
869,0.72876
5533,0.91496
1560,0.97465
9892,0.19774
1933,0.26177
5885,0.04072
7833,0.15913
7296,0.07714
7373,0.86075
8983,0.12202
5842,0.24425
2194,0.46161
132,0.26586
2659,0.72606
7896,0.30339
7887,0.76275
5745,0.97169
2409,0.93044
2253,0.81122
1434,0.58466
6946,0.10683
6510,0.5082
6982,0.14489
8999,0.24333
5170,0.34816
10158,0.13404
234,0.51745
9034,0.61874
3801,0.97194
3887,0.55988
10361,0.42072
5385,0.98636
6575,0.96502
3560,0.20592
2112,0.47982
4307,0.73084
8704,0.9049
10476,0.6267
4637,0.13879
2953,0.98977
1320,0.98532
3264,0.46678
7904,0.99015
9144,0.97709
4494,0.97992
4819,0.86359
3781,0.37524
3459,0.56636
5681,0.18994
6507,0.46941
3722,0.97729
398,0.08366
9377,0.59209
978,0.46518
3104,0.99211
2693,0.22555
3803,0.90066
9533,0.97221
1173,0.5265
10307,0.8786
10326,0.1419
5113,0.12628
1116,0.43533
10452,0.97512
8013,0.15436
6491,0.02273
9906,0.98002
7531,0.61875
102,0.29736
5233,0.91074
1661,0.98585
8280,0.16417
1000,0.65121
3743,0.90219
1501,0.95945
3809,0.73207
8647,0.85329
1959,0.13449
1690,0.19594
5498,0.69108
837,0.37543
8788,0.95002
4114,0.88518
1413,0.58225
6836,0.94839
4240,0.35569
1908,0.92522
5750,0.25098
10087,0.31054
2680,0.42267
4323,0.62481
4439,0.98069
8517,0.20521
933,0.85149
33,0.96353
4295,0.12982
3258,0.29047
7497,0.18012
9276,0.3348
9811,0.18308
3833,0.34467
7682,0.15632
1748,0.25915
3693,0.29325
3608,0.59772
10230,0.23921
5468,0.17055
10464,0.99405
6932,0.31114
3616,0.38953
9603,0.98973
10394,0.94162
5509,0.70002
3731,0.99384
5827,0.07706
10527,0.99459
7004,0.94564
3210,0.98124
59,0.98689
2660,0.96947
1909,0.32723
8569,0.98705
2862,0.15805
5966,0.20915
2639,0.10243
6838,0.91957
9527,0.1677
5345,0.95521
7702,0.91522
3242,0.40185
6516,0.3727
10412,0.25897
8213,0.41419
2598,0.99384
6193,0.24428
9593,0.96466
6646,0.94486
5388,0.22044
6413,0.57072
1540,0.30541
8660,0.29912
2999,0.29197
3194,0.24597
9437,0.966
9473,0.13534
877,0.5529
9640,0.34443
4434,0.51705
8385,0.38028
2542,0.11736
3281,0.09966
7820,0.21911
1418,0.9958
6079,0.51352
3685,0.2013
9361,0.04786
3364,0.87749
7495,0.55987
8226,0.66601
8043,0.27895
9924,0.18104
6018,0.22588
3,0.59635
4592,0.25644
10125,0.58112
8900,0.22867
7028,0.99273
3419,0.54246
5514,0.24486
2770,0.18034
5007,0.90188
1931,0.27641
9768,0.48244
3337,0.21601
703,0.20091
6685,0.11463
6064,0.13814
1881,0.20175
4842,0.49238
8432,0.35641
3569,0.23329
9797,0.51956
2829,0.11043
3739,0.36256
2128,0.38893
2372,0.2453
3354,0.13849
3321,0.85485
8532,0.98155
1800,0.86681
2560,0.25081
3936,0.81542
2588,0.46788
4890,0.9956
8912,0.96916
6192,0.03986
8658,0.05
5272,0.51132
10404,0.96124
2299,0.09673
9419,0.19615
3018,0.35971
8642,0.91954
6594,0.15488
8852,0.26053
9212,0.15663
7081,0.99301
8469,0.34321
1372,0.21672
2514,0.26781
2311,0.13849
5548,0.33176
9024,0.35394
10324,0.204
7735,0.31364
1488,0.96735
9130,0.98989
2307,0.98699
2374,0.12536
10519,0.99172
10264,0.66481
9908,0.17582
1073,0.50557
118,0.92059
8884,0.13586
242,0.03189
6300,0.26984
5422,0.58356
899,0.69155
773,0.24983
70,0.9628
9249,0.10975
8847,0.32624
432,0.14481
468,0.953
7830,0.82034
4642,0.53998
1782,0.99185
8683,0.43061
8551,0.41832
5224,0.28097
922,0.42386
757,0.98881
1101,0.15674
6804,0.13551
9266,0.9795
6487,0.19573
5627,0.13713
4972,0.97216
3596,0.91101
1420,0.43183
10209,0.3873
8629,0.9331
3147,0.90691
9821,0.97983
10377,0.19613
456,0.2031
9887,0.46441
8864,0.38834
5665,0.09672
1764,0.02064
9198,0.94654
7536,0.42223
991,0.88351
1537,0.55388
3450,0.97457
5663,0.93826
4221,0.29263
3350,0.31413
943,0.2387
3203,0.37382
1144,0.25728
2334,0.98374
7074,0.99064
10071,0.54901
7540,0.98735
4143,0.34002
6643,0.29799
1067,0.01919
6356,0.85545
8133,0.29475
108,0.30673
308,0.28089
7432,0.5064
2652,0.95094
4740,0.98905
7048,0.26605
490,0.34946
6808,0.40772
7990,0.23714
4460,0.0401
6803,0.98883
2414,0.18346
8085,0.28161
2031,0.95748
8476,0.76679
9840,0.99212
2853,0.23697
8114,0.44151
6245,0.97663
8918,0.16027
2621,0.22383
5344,0.39334
3775,0.36111
631,0.20448
10481,0.23685
8188,0.9887
9830,0.98785
5426,0.44186
6688,0.68228
4132,0.97588
588,0.62235
5600,0.35563
4743,0.30783
8711,0.24825
6039,0.1254
4576,0.41064
6941,0.25927
10202,0.20457
6632,0.38116
1079,0.09619
9642,0.66107
5401,0.21677
600,0.30306
4873,0.22683
5558,0.20378
483,0.05261
10378,0.99031
9004,0.10603
2809,0.98789
9542,0.9476
3215,0.04701
6924,0.22132
7213,0.96275
3105,0.9876
9771,0.9801
632,0.89763
3232,0.74898
1543,0.28807
2164,0.93151
4559,0.13948
9530,0.33502
2033,0.36301
2842,0.13413
4186,0.1342
4078,0.17055
8093,0.95516
7286,0.85396
7044,0.94659
9234,0.42131
8536,0.18607
307,0.99583
4382,0.98354
1350,0.02055
4632,0.94419
5639,0.4396
6445,0.23769
10511,0.03365
8601,0.11717
137,0.36654
2298,0.80879
8978,0.30177
7218,0.23901
856,0.20124
736,0.31255
7719,0.21975
3177,0.40312
2564,0.96057
3123,0.94744
4827,0.22062
6386,0.05143
708,0.73522
1414,0.98948
7190,0.49824
10298,0.40681
838,0.88913
10145,0.89738
3071,0.96474
5329,0.2151
462,0.24402
9809,0.20595
7279,0.89836
2707,0.09439
3671,0.96898
516,0.98872
10395,0.09143
8167,0.197
2138,0.54869
5192,0.06336
1377,0.37134
1390,0.14851
1244,0.04036
8424,0.41977
205,0.25141
9592,0.65668
116,0.24959
8306,0.36162
7649,0.97909
9560,0.60635
2102,0.07497
10490,0.43653
97,0.24985
7618,0.28021
9413,0.14869
6148,0.63858
7147,0.98606
2430,0.98476
7539,0.97603
7475,0.86084
7796,0.94989
1582,0.55913
8454,0.06642
3164,0.13073
2375,0.98803
980,0.25581
10233,0.34261
2271,0.46217
7843,0.14482
6165,0.93071
3449,0.95101
8757,0.60181
9757,0.9871
6925,0.61191
6191,0.51388
6985,0.26954
9064,0.2066
2691,0.98275
657,0.33146
858,0.21004
6677,0.98498
642,0.62359
2627,0.20393
1569,0.98159
3674,0.10771
10095,0.27257
7423,0.36084
4993,0.24545
4983,0.1502
7070,0.98057
700,0.94182
2447,0.17356
2380,0.9772
8418,0.50193
1288,0.04976
9400,0.06178
8530,0.10931
784,0.04559
2969,0.24567
892,0.98599
5679,0.21323
4650,0.36123
994,0.97469
9751,0.92554
9462,0.12463
4958,0.98852
506,0.87496
4631,0.12554
4321,0.16567
5617,0.58489
7571,0.97151
6873,0.2184
7964,0.06376
4567,0.39307
7429,0.97548
3615,0.22238
8744,0.03416
1142,0.1154
6189,0.35545
3411,0.57254
9133,0.11647
5806,0.37265
2385,0.34211
801,0.71791
4672,0.30085
6530,0.48009
260,0.2087
6624,0.53814
2001,0.48088
8403,0.77871
4935,0.24106
7264,0.86929
9714,0.97994
5903,0.65619
3176,0.82549
7441,0.93192